caption.sv,uuid
Fotograffirmor (Sverige) (Nordiska museet),deb494a0-5457-4e5f-ae9b-e1826e0de681
A. & F. Lindahl (Fotograffirma),a9ebfd4e-1817-4606-9b65-b7e4de21f9c6
A. Apelgren (Fotograffirma),792acbfb-c0d0-49e4-b0eb-b53159de83aa
A. Jensén & Co (Fotograffirma),fcc24169-ffa2-4974-bc3f-7950197be64e
A. Jensen & Son (Fotograffirma),5a2c4565-5ccc-4f15-9f7f-cd273d890497
A. Lindes Atelier (Fotograffirma),860543ef-39d2-46c0-afe9-577bbf668a7f
A.K. Hazelius och C.G. Nyblaeus fotografiska atelier,6d3ea9a7-a4cc-4cd7-9315-2da0b1daec23
A.V. Malmström (Fotograffirma),5a9a41e8-6df5-4037-ae6d-a2186fe93687
AB Flygtrafik (Fotograffirma),19f70798-e31c-45e4-99d7-b20c8e075efb
AD. Lidwalls Fotografi-Atelier (Fotograffirma),aa46aadf-8ce4-4528-a1db-a44d07cacc96
Adéle Kindlund & Co (Fotograffirma),e0e17ce2-d278-4e54-83a1-cf4f6d4071f2
Ahlbom & Hassell (Fotograffirma),eba13857-4f13-4f40-be0b-5d912a412540
Aktiebolaget Atelier Wretmark (Fotograffirma),a18b7554-e829-439b-ae5b-5d175a95cb11
Alb. Edström (Fotograffirma),75f8a33b-c1fd-40c0-9aa2-003a8e8c005d
"Albin Andersson,inneh. Pontus Andersson (Fotograffirma)",cbeb8d56-c9ea-4652-ab18-92f4d5d2070b
Albin Berns Reseatelier (Fotograffirma),b67c3e8d-2ba1-49e3-9055-a09d8058912d
Alexis Brandt (Fotograffirma),07d53441-2cf5-4ff5-9fa8-808ec2f582dd
Alexis Brandt & Co (Fotograffirma),56bac8d1-70c9-43a3-a34d-01c3663858d1
Alf Lindhes Eftr. (Fotograffirma),b0975cb2-d719-48a4-ac4c-aaa3d973c808
Alfons Foto (Fotograffirma),679673fa-62f4-4e64-be1f-cad3bc9e192e
Alfred Dahlgren (Fotograffirma),015006a9-e86f-4872-9be1-bdff4b6e6bc2
Alfred J:son Dahllöf (Fotograffirma),bd971cd2-34b5-45db-930f-cd3d4b2207ac
Alfred Wahller (Fotograffirma),33d8f610-d180-4ac7-9f9c-2012f003e714
Almberg & Preinitz (Fotograffirma),23739cf1-d83b-4e00-8ce7-a83d71a6af22
Amedé (Fotograffirma),61a3d463-f5e3-4d0c-82d1-27ea4af2352c
Amedé & Co (Fotograffirma),347c75ac-d5bc-4cda-9c59-0da9260df568
American Atelier (Fotograffirma),03a3277b-6c5c-4934-849b-b4f09162db9c
American Foto (Fotograffirma),079570fa-1b01-4720-927e-354b8f4a00de
American Photo Ateliér (Fotograffirma),e80964fb-2913-429d-95e5-802de9b7e51a
American-Photo (Fotograffirma),810b7de8-f49c-4c76-b12a-5d16139c6267
Amerikanska Ateliern (Fotograffirma),57be4052-10ea-4770-ad17-fddcf1a35cf1
Amerikanska Fotoatelieren (Fotograffirma),c179e0ce-482e-44d0-8ebf-ea5824d8619c
Anderson & Blomberg (Fotograffirma),95eef854-0eef-4f72-8c35-f9e73eb8a754
Andersson & Blomberg (Fotograffirma),d610168a-7607-462e-9421-b478bcffd90c
"Andersson, A & Co (Fotograffirma)",68d691eb-4326-43ef-9b42-ba62f7d75ab4
Andréns Eftr. (Fotograffirma),d3dd3ee2-d70b-4d9b-9cbc-32319295b038
Andriette Hedbergs Eftr. (Fotograffirma),bc188493-d9c2-4fc4-be39-456a4b664609
Anette Haags Eftr. (Fotograffirma),73a02a43-d67a-4564-b49b-b85da4a051e1
Ann Bülunds Eftr. (Fotograffirma),75cd02d6-1165-4121-a40c-388b407fd03f
Anna Frankel (Fotograffirma),bc1893c3-0b65-418e-92f7-b9790eb8ed63
Anna Hedströmn & Co (Fotograffirma),2901f622-4f10-4b8a-9d0c-828b52c8e331
Anna Kruse & Co (Fotograffirma),1346c4b1-1584-4304-9483-32b1096ed9af
Anton & Co (Fotograffirma),23bcb3ed-5ef2-432c-b7ec-4660ae114d9c
Anton Hagman & Co (Fotograffirma),dbb2e287-df22-45a8-957d-1a5f4b32a659
Apollo Atelier (Fotograffirma),2fed33ce-a480-47b1-900f-93c9a9977fea
Apollo Porträtt & Förtsoringsateljé (Fotograffirma),139cb626-f4d5-460d-943c-7dc6c70923f2
Appelqvist Atelier (Fotograffirma),b75e562e-1bcd-424f-8199-2d3e4d4d1cdc
Arpman Eftr. (Fotograffirma),bcafc2da-a9c5-424c-b932-981e894925c1
Arvida Ljungkvist (Fotograffirma),30e326ea-9f16-4358-bdfe-ce5da4867d89
Arvida Ljungkvist & Co (Fotograffirma),3d6bfee4-a3b0-4c06-9c82-1eda9584bde8
Aspáns Fotografiska Etablissement (Fotograffirma),b8ff7099-f29a-4ddf-9ae2-2500e8b9483e
Atelier 48 C (Fotograffirma),0e057599-7230-4aa1-bd1e-a95ef74157a1
Atelier Andersson (Fotograffirma),5a47057a-6c58-40d7-bbac-096bca5fd4b2
Atelier Bristol (Fotograffirma),190faa73-13f7-416c-9ad9-b9c676455bd5
Atelier Bruzelius (Fotograffirma),a36dacdc-76d9-484b-a299-a580c0c4528a
Atelier Byqvist (Fotograffirma),dfba8f86-a3dc-40d9-a61c-303c669ab194
Atelier Dagmar Eriksén (Fotograffirma),33139aa6-1988-43c7-b287-e43006a3bbcc
Atelier Dahlgren Eftr. (Fotograffirma),3e198bf7-dfdc-4a6f-945f-cfc2d066fc57
Atelier Dahllöf (Fotograffirma),af614823-c6cd-4161-93ce-f159caa70247
Atelier Dawidson (Fotograffirma),1b5edc30-e99b-45f8-a987-3b6928ebb0cc
Atelier Dischler (Fotograffirma),cfec6584-2ec0-4ac1-b8fb-3ece0dd0010e
Atelier Edström (Fotograffirma),8b22d046-e463-4257-9664-5039d5334563
Atelier Ekegren (Fotograffirma),4a254310-3442-4b9f-931c-e9c08cebd718
Atelier Ekstrand (Fotograffirma),c6d9311d-394c-4f75-8878-0f8b272240a2
Atelier Elektra (Fotograffirma),d760a541-391f-4d5a-b4d0-357f00fd055c
"Atelier Fenix, Ludv. Ericson (Fotograffirma)",0d4ba623-e502-49e3-b301-efdb1c05dee1
Atelier Florman (Fotograffirma),53db8da9-0596-423d-bfdc-c6c0bf25f415
Atelier Föjer (Fotograffirma),2cfda46d-c788-47be-bb58-cd18aa5e4e71
Atelier Gifer (Fotograffirma),78029434-113d-40de-9f43-b48ae815a5e4
Atelier Granbom (Fotograffirma),89e13bb5-2b74-4531-910a-cf70229a2ee6
Atelier Grape (Fotograffirma),5f0edc19-2344-400c-a11a-3232b8f187d9
Atelier Gustin (Fotograffirma),28a892bb-6bcb-43ca-aef6-4aeb91e8c772
Atelier Hagman (Fotograffirma),5dd6c737-0316-4f86-8f2f-866966a9f9b5
Atelier Hedblom (Fotograffirma),62aad112-7282-436e-86e8-f3492f600501
Atelier Hedström (Fotograffirma),e69443bb-8e4c-4a2f-a1cf-17202db187d2
Atelier Jaeger (Fotograffirma),4373131e-90f7-414c-a61f-e6da9cafb8ec
Atelier Jansson (Fotograffirma),9b21706d-4cbb-42ac-9d9e-d26f68cd047e
Atelier Johnsson (Fotograffirma),372eae79-32a1-451d-a99c-89ff739ec16b
Atelier Jonn (Fotograffirma),0075db87-16c6-4d4a-92bc-35846a1b6305
"Atelier Jonn, R. Küller (Fotograffirma)",89509251-830a-4f6b-b534-d6dbbb45cac5
Atelier Kaudern (Fotograffirma),086632f3-6515-4489-af5f-1603a26fd1cd
Atelier Kinnell (Fotograffirma),d3f5db07-10db-4974-ba80-b482c8f52dd2
Atelier Kjellander (Fotograffirma),1cee2e8a-90b7-4f8d-9492-026fdc18c3ed
Atelier Larsson (Fotograffirma),801b9594-542e-4446-8ca3-ff049b97459d
Atelier Lindström (Fotograffirma),c197d0c2-d14f-4459-ae06-2c0daffd85d3
Atelier Lundbom (Fotograffirma),70984219-055f-4b09-934f-f77626dbf038
Atelier Lundin (Fotograffirma),621cd44a-e371-46ff-b690-5a17ae70019a
Atelier Mignon (Fotograffirma),8a9243e6-f0a9-4804-9b65-c788021c5b62
Atelier Populär (Fotograffirma),3926eaff-3259-4512-9eb3-5b31c9d783e3
Atelier Rembrandt (Fotograffirma),441b51c0-5660-4b47-b41b-de885bd3e311
Atelier Tre Kronor (Fotograffirma),136c37bf-9551-4340-8e77-33663f465992
Atelier Vesta (Fotograffirma),56898344-ad97-4d05-90de-5bb0c180d2a0
Ateljé Antonius (Fotograffirma),e2675f6a-eadd-4b33-89ab-e9cf8d8ca1c5
Atelje Flora (Fotograffirma),3c4e5dfe-6580-401d-9187-e63593e417bf
Ateljé Granbom (Fotograffirma),63d64cd2-f09c-416d-994a-ac8113c66108
Ateljé Göta (Fotograffirma),e56881f2-f9e8-4360-905a-4299460b65f0
Ateljé Holmstedt (Fotograffirma),34eae5b7-1280-4fcc-8bb6-35efed56c9f9
Ateljé Savoy (Fotograffirma),a56ef40f-ba2a-4e5b-91b6-e3b02fa609fe
Augusta & Ewelina Borg (Fotograffirma),615536b0-f4c4-4dbc-8595-2080b07dc020
Axel Lindahls Fotografiaffär (Fotograffirma),6348c6ca-2b29-4c4b-a5e6-4d67c1b572ef
Axelssons Atelier (Fotograffirma),79fd5bcc-2c2c-49fd-87de-94ddd19c8483
Axelssons Fotografiatelier (Fotograffirma),5f837d45-5f72-44a4-afa6-3414b60619be
B. E. Hallberg & Comp. (Fotograffirma),b58a25be-8e31-4dfd-a045-95de21eb09ed
Beckmans Atelier (Fotograffirma),0094688a-b4bd-4173-a55d-ae811e6fb9f7
"Bendixen, Bernhard & Adolf Meyer (Fotograffirma)",f533abbb-b1ff-4a61-82ea-df48136e55df
"Benkow, Atelier (Fotograffirma)",2c01081a-e54b-4dc9-8c21-5f135cc4ebfa
"Benkow, Ateljé (Fotograffirma)",8a192b42-9521-4c5d-bb3f-695c597b1de8
Benno Beckemans Fotografiska Magasin (Fotograffirma),cbae0aa7-323a-4424-8105-56563b645f52
Berg & Co Lotten (Fotograffirma),2f32dfb5-9e5e-487b-ad4c-be58da6a50f1
"Berg & Co, C. J. (Fotograffirma)",2351a500-700a-443f-bceb-2b924c1c03a8
Berger & Krook (Fotograffirma),f120e6ee-b00a-4664-8ca2-b6f5351d9bc3
Bergström & Karlsson (Fotograffirma),d18c656e-82c6-4a67-a0da-7d00fb670d48
"Bergström, Paul., AB (Fotograffirma)",98f18f9a-6d26-4526-b6ca-56711d546e72
Bernhard & Oscar Hakelier (Fotograffirma),efd3b582-b0a9-4576-aa38-458fa52a3f7d
Betty Larssons Eftr. (Fotograffirma),b747c24e-9aff-4de2-b5fa-b56175eb1e33
"Birger jarl, Atelier (Fotograffirma)",becac5d2-79c6-40de-b9fc-e8a96798f61e
Björkman & Uhr (Fotograffirma),f2a101e3-c753-4e34-b944-c6a820ac09a1
Björkman och Urhrs atelier (Fotograffirma),038a67c5-503e-4bfb-907f-075b37284790
Björkzells Atelier (Fotograffirma),5d8470f4-4814-4a2d-b97e-a8aa27514abc
Blixt & Co (Fotograffirma),4d5d176d-d14e-4c80-be37-6a8328a9a09e
Blombergs bilder (Fotograffirma),90c6d942-1e4e-4f0b-a168-870eebdf0c31
Blomdahl & Lundberg (Fotograffirma),79c6cacf-8bb3-473d-a055-ec2e97e44d9e
Bolling & Co (Fotograffirma),abb2c247-c830-4a38-b9e9-922746e16246
Bruno Atelier (Fotograffirma),96fbb88e-4c58-4228-bb31-918a86617e73
Bröderna Andersson (Fotograffirma),c7521c60-2661-4f7d-bf89-8dbf816cc309
Bröderna Hagman (Fotograffirma),7e6576cf-7ab2-490a-9ab6-7c4afb61d6cf
C. & Ebba Cavetz (Fotograffirma),c237b0c9-ea18-4c32-8c11-367713961007
C. A. Askling & J. A. Carlsén (Fotograffirma),b95ffae3-3b77-4d4f-859c-483876f3728a
C. A. Grellstrands Eftr. (Fotograffirma),3dfe6645-b0ce-4452-ac72-11d5c18ce5e6
C. Aug. Askling & W. Duhs (Fotograffirma),a1039624-b326-447a-a3db-dd3c40747364
C. Berglunds Eftr. (Fotograffirma),0f87ef9c-7f91-4f91-b51b-f1e850b953a1
C. Dahlquist (Fotograffirma),edffd019-ca06-4474-a5b6-fba334b17d10
C. F. Linge & Co (Fotograffirma),def54ec4-b50f-42d1-8ba1-f1af7dff17b9
C. G. Kahls Fotografiaffär (Fotograffirma),2a5e4d06-4ac3-436c-938a-ca7edba99908
Carl Hansen & Co (Fotograffirma),36c399c4-3bff-4f24-83e1-d85c1da3f2ed
Carl Lindblads Eftr. (Fotograffirma),2f874fe5-1c22-4e89-a7e6-6152b9777a42
Carl Lindquists Eftr. (Fotograffirma),fe80b592-f665-468d-844c-3a2518289501
"Carlbaum, Ateljé (Fotograffirma)",ecd57f50-b0cd-4e85-a6df-a14e469bdfc1
"Casino, Atelie (Fotograffirma)",24fc98c4-9c0f-458f-b60b-ff345243d152
Cederbergs Eftr. (Fotograffirma),a61fe293-4cab-41c0-bf45-a01d7722d395
Central Atelieren (Fotograffirma),50805633-83ef-468b-bf37-0809554a17b2
Central Ateliern (Fotograffirma),7c41b765-fc22-455f-96cd-9e66afa44769
Central-Atelieren (Fotograffirma),941c04ce-bca7-48a5-bf6d-0a446f091f6f
"Central, Ateljé (Fotograffirma)",41c4ecf6-73f1-4d32-ae48-555a842dcd61
Centralateliern (Fotograffirma),a06d677c-35ef-448b-90e7-1c9aff3bcc5d
Ch. Granbom (Fotograffirma),d9b35deb-da7a-497b-a53d-4013926e7de8
Clasén & Dannenfeldt (Fotograffirma),06ecddce-6020-400d-8b70-4af436e6fc5c
Clasén & Renard (Fotograffirma),76dfa7e9-0f8c-4fc8-8d46-530202eaeed5
Cohen's Atelier (Fotograffirma),3958e914-7b49-4797-879a-c15da5279b84
Continental Foto (Fotograffirma),d8a94611-ce0d-4716-8242-f5dda5353d90
Dahllöf & Hedlund (Fotograffirma),94b1642f-197a-4165-9e98-108561dba81e
Dahlquist & Co (Fotograffirma),71682cd4-4b74-4efc-82c0-df80bbc808ed
Dahlqvists Atelier (Fotograffirma),98156dc6-c17c-499f-8db6-48c0eeeb4bfa
"Dawidson, Atelier (Fotograffirma)",4248d5d3-cd01-4df8-bb2d-ddff9fea0aa0
Didrik Janssons Eftr. (Fotograffirma),144ef2cd-68fb-47cb-a279-81701fd3b5a9
Djurfeldt & Co Agnes (Fotograffirma),2eb87df5-b93d-4a0b-90a4-9bb577b63ac0
Dorothé Giljussons Fotografi Atelier (Fotograffirma),ed5e71ad-920a-4cc4-b08c-48c553eaa14d
"Drott, Atelier (Fotograffirma)",83a56ffd-155d-4a18-a787-7afb407bea4a
Dryselii Fotografi-Atelier (Fotograffirma),9a757eb4-1937-4e6e-b13e-d842173013f2
E. Larsson (Fotograffirma),1f88f5e3-c15d-426e-bf3e-f7b3db1fdc40
E. Larssons Eftr. (Fotograffirma),8fe7d108-5e23-4632-87b4-3fa7ede67044
Earlinghs Förstoringsatelier (Fotograffirma),cdc4f698-93ce-44b2-ab86-8e32d7993c7d
Ebba Lindstedts Eftr. (Fotograffirma),ea024908-9f4d-4ecd-8644-f82d9a8d88b9
Ebba Lindstedts Fotografi-Atelier (Fotograffirma),05b87711-4b56-4096-823b-775f9efa22b0
Eiserman & Co (Fotograffirma),df8c4be0-ca17-4b60-971e-2b89fbf22438
"Ekman, R., Ekman, Rich. (Fotograffirma)",732d0afa-57ea-4e79-941e-a09f2c98830e
Ekstrands Eftr. (Fotograffirma),21c96400-921f-46d0-8062-802848d74275
"Ekström, Atelier (Fotograffirma)",f53cd7ac-eb15-4613-9a0f-8beb09668267
Elektriska atelieren (Fotograffirma),63ea31e9-4ed5-4763-bf50-b4f2b8781ba1
Elisabeth Dawidson (Fotograffirma),7473a04b-e141-4d94-9b2c-cc3ebe0c8e7c
Elisabeth Elfström & Co (Fotograffirma),835ff3f4-7d93-4566-8d58-eb405ff99f19
Elise Hirsch & Co (Fotograffirma),27df33e2-2e84-4e32-ae94-30be96022e8c
"Elite, Atelier (Fotograffirma)",3b555bc5-e5e6-4a80-bd1c-1b4a39d24b72
Emil Agerbundsens Fotografiatelier (Fotograffirma),a33db8b6-45ed-4d28-b42a-64af4cfa6e4e
Eric Kreuger & Fredrik Ebeling (Fotograffirma),1e08f245-4be2-40ef-b961-dde16361b94b
Ericsson & Larsson (Fotograffirma),de16619b-ea0d-49eb-be49-a061d0275807
Erland & Larsson (Fotograffirma),0e64edfc-4b28-463d-97a7-a3a9fd09240d
Ernst & Co (Fotograffirma),f64355e0-f6fe-497e-9b86-908d1d896b91
Eskil A:son - Z. Fröding & Co (Fotograffirma),a9984fc9-3186-4bba-a906-90385407f1c2
Eskilstuna fotografiska magasin (Fotograffirma),c576f234-bcf9-44aa-9206-65f0abf9ef77
Eurenius & Quist (Fotograffirma),8b25eebc-9ef1-45ec-98f5-04845f38d71c
Eva Bäcks Eftr. (Fotograffirma),86edd82b-af3a-40cf-899c-cdb5a694bfc7
F.d. Berger & Krook (Fotograffirma),037a672c-f40a-4f9e-9a6c-8bd1b4494c88
"Falk, Atelier (Fotograffirma)",46d5be09-2f15-4e72-a88c-cb67012106c0
"Favorit, Atelier (Fotograffirma)",a5be4bd8-139c-4273-859b-d3fe331f7349
"Fenix, Atelier (Fotograffirma)",df4e062b-9685-4677-bc03-a7437b22a400
Firma A.J. Hagnell (Fotograffirma),95471d20-a7f3-4638-a75a-e9dd5617106a
Firma Eric Gravé (Fotograffirma),724e0ad3-fbb0-479c-92a7-e25c571e361c
Firma Nanny Ekström (Fotograffirma),1128d4fd-368f-4d78-ae17-e5e3e7cd7588
Firma Systrarna Hallberg (Fotograffirma),226e46cf-762d-4be9-953c-e74732b2919f
Forsners Fotografiska Magasin (Fotograffirma),bd5ae632-bd8d-4e0e-99d0-fbc666d5a67a
Fotoateljé Ebba Sundevall & Co (Fotograffirma),b6ebf3c4-a180-4d90-ae8c-cee43a61c15d
Fotografatelieren (Fotograffirma),0fdbeb3f-47d9-4796-a3e4-496ef8e44ea8
Fotografi Atelier Robert Lindahl (Fotograffirma),1584b876-3e0a-4d1d-adf9-f279c32a5bbb
Fotografisk atelier Lindman (Fotograffirma),ba85c7d2-db9c-47e3-be22-a89b67223e0d
Fotomagasinet (Fotograffirma),e8029183-58e0-4e59-8bfd-b84eb9ba28db
Frankel & Börjesson (Fotograffirma),c9fd132a-6ac8-4e67-bbaa-d6921fcd5cd0
"Friis & Co, L (Fotograffirma)",08c01de0-ffd4-4e42-8a29-81889c5e9308
Fritz Pettersson Fotoaffär (Fotograffirma),f47df1b8-ee0e-4227-9295-77804339390f
G. & H. Hallberg (Fotograffirma),cac5a2b9-2b3c-4b2b-af3c-f50ccfb10193
Gardstens Eftr. (Fotograffirma),99fa58a5-c938-47a0-97df-8290f4ed7eb1
Gehrman Fotografiaffär (Fotograffirma),db993efd-6644-46f2-8a30-75c6e1349d05
Gellbergs Eftr. (Fotograffirma),c540c86d-02c9-43d7-929b-caf2c8092bcf
Gevalia-Foto (Fotograffirma),46e9af70-ea37-4c57-b258-fdfde9176aa8
Giselsons Atelier (Fotograffirma),5bfbc111-b6bd-407f-b726-3a974f202006
Grand Atelier (Fotograffirma),797b5046-69a1-475f-a68b-b841029fe7f2
Granlunds Eftr. (Fotograffirma),58eba32d-32a2-4fb7-87f1-ca5e6dad3cd4
Grehn & Jaenzon (Fotograffirma),c7cdbaeb-f248-4e95-aca7-3df1ff777df7
Gustaf Joop & Co (Fotograffirma),6efdb595-5d6d-41b0-a097-8f9593ae03d6
Gustafson & Holmquist (Fotograffirma),3cf900b5-f3bb-418c-842c-ec991a2c0936
"Gökalund, Atelier (Fotograffirma)",a5389350-d381-4fd1-bb6f-71ce78a463e7
Göta Atelier (Fotograffirma),1d653cbe-59c3-4f1e-991f-42fafe3b11ad
Göteborgs Fotografiaktiebolag (Fotograffirma),02e9070b-fa1c-494c-9e6b-75fb96016e2d
Göteborgs Musei Fotografiska Atelier (Fotograffirma),3b3aaf2a-3b5b-468f-9f51-d7a67008e3e8
Götlins fotografiska (Fotograffirma),5a1a43b7-3766-45fb-a9ce-a60a21137dfc
Hagberg & Andersson (Fotograffirma),a291a715-9dcb-43a6-970e-1736787c3363
Hagman & Ljunggren (Fotograffirma),71650a22-b7a9-40fe-9b31-f1a2ece863b3
Hallbergs Förstoringsatelier (Fotograffirma),8b952ff7-f3f0-427c-9d1e-c2dd40768814
Halldin & Bergqvist (Fotograffirma),3b14291a-5328-4199-9dce-7e687dd9d470
Hammar & Co (Fotograffirma),96b0333e-3749-4833-98d2-23da9cc35181
Hanna Lundborg & C:ni (Fotograffirma),862859f6-bded-4dd3-b1aa-b4af68497da0
Hanna Lundborg & Co (Fotograffirma),30874f7b-e351-490d-9d78-1c8d772b6741
Henri Osti's Fotografiateliér (Fotograffirma),377fd26e-14d2-47d4-9a64-ad1fbfd93786
Hilma Lundbom (Fotograffirma),f3cba7a8-4344-4e13-b705-cc0e0ba7c20a
Hospitalsgatan 8 (Fotograffirma),8e028b68-19a0-4612-b08c-daad21b415f5
Hovfotograf Axel Kallderns ateljé (Fotograffirma),c1df16ee-4274-4aa1-99c5-20fbf0706f97
I. Enander & Co (Fotograffirma),8e297d02-ee5c-471e-9a1f-9cde848fec82
Ivar Hasselmar (Fotograffirma),37ce8028-cdef-42c7-a4b0-344c01f5c4cc
J. A. Kock (Fotograffirma),07c30fab-3638-4752-85cf-baffd1de66e7
J. A. Lundquist & Co (Fotograffirma),8b3283d5-9c1e-42eb-ac14-0438c7277a42
J. E. Lundberg (Fotograffirma),85217ffb-f3ac-45e8-ba8a-fee022689e5e
J. Jacobsohn & Co (Fotograffirma),ac709dc4-79eb-4f98-9734-d3320232168e
J. Kock (Fotograffirma),ae90a87c-b2f5-40ae-b527-d0e12d61a631
Jakobson Gustaf A. (Fotograffirma),65134aeb-18ba-4335-9d89-9456ef12d449
Jansson & Dybeck (Fotograffirma),aec54354-4b3c-4092-9e30-5b845402e9fa
JE. Harnesk (Fotograffirma),9df9e367-140e-4e0c-bfe8-fa084e1b898c
Johan Ströms Eftr. Mina Bolin (Fotograffirma),9fc69e56-41cd-4749-b191-dd0a899dfc25
Johanson Gusti (Fotograffirma),7f593859-3bee-4507-ab0d-92a06a2cc030
Johanson H & H (Fotograffirma),a6f44791-2320-476e-a82b-9ef53f602cd0
Jonssons Atelier (Fotograffirma),76729035-1137-498f-bdb9-3e46cc142c01
Järnmarks Atelier (Fotograffirma),e6e70ed5-a06b-4062-9c2b-aba75b8e6f7e
Jönköpings Nya Fotografi-Atelier (Fotograffirma),71cba88a-6e6a-4356-89da-f4b71969f52e
Jönsson & Co Lena (Fotograffirma),19decdc0-b625-4a8b-84f7-4fb87510abad
K & A Vikner (Fotograffirma),5a818bc3-2e4c-4ec7-8e4e-2fbebc2d69af
K. F. Karlsson (Fotograffirma),b28338a7-4949-4fb9-867c-61c1afe3a505
K. F. Karlssons Eftr. (Fotograffirma),ec97e6d5-573b-473d-a288-25a4cab04ebb
K.L. Lindelöw (Fotograffirma),d869d4fb-6775-43b1-8c6c-8661c234c39c
Kamerabilden (Fotograffirma),b18e9bdd-94e4-463c-89e0-128d5b7573ca
Kangedals foto AB (Fotograffirma),160c526c-33d6-416a-859c-698e2bbf5f99
Karl Ågrens Fotografiska Atelier (Fotograffirma),bc4bc497-6972-4f40-8b94-2730806c57a2
Karlsson & Bergström (Fotograffirma),57fab2b7-f33a-434b-8a1b-1ce8e535fc77
Kastengren (Fotograffirma),95e64f1d-9b2b-4cb3-82b1-8977628e51c4
Kierkegaard & Dabelstein (Fotograffirma),401bbfcd-f6ab-47da-a06f-292390683a01
Klemmings Atelier (Fotograffirma),79b623a6-af5d-45b9-ba43-c02743d02aa2
Kollberg & Sjödin (Fotograffirma),04561743-7af3-4c00-befb-2ba4b67999b1
Kommersiell Foto,92550ec2-f528-478e-b7c2-38f3658f9e13
Kungelfs Fotografiateljé (Fotograffirma),8ecbfa78-b263-497c-9dd5-f03f93c5ff3b
Kungsholms Fotografiatelier (Fotograffirma),21baf633-b017-475f-933a-c0d0a922700e
Kungsörs fotografiatelier (Fotograffirma),386cc10a-2f65-4aaf-b1c2-990216b59655
Küller & Wallgren (Fotograffirma),db149e0a-8316-4089-b2b2-aa65288a4213
L. & I. Lundberg (Fotograffirma),621e5701-4af5-445d-adf1-2ccce01584ee
L. Lundberg (Fotograffirma),3cb89727-b863-4954-b98f-f29067bd4156
Larson & Karlson (Fotograffirma),ce09b216-959b-414d-9ea8-c0beaf61d422
Levall & Co (Fotograffirma),afa3e6aa-aa88-4f55-acf7-3f5f246d8e46
Lidwall & Co (Fotograffirma),5f6ee65d-70fd-4685-891b-44acca401e45
Lina Jonn (Fotograffirma),b0b4a465-fcab-4d21-a769-a36fb9d531ae
"Lina Jonn Atelier, Maria Jonn (Fotograffirma)",0c95625c-46a1-4274-b5d5-60e356b7839d
"Lina Jonns Eftr., P Bagge (Fotograffirma)",b7b34f81-4e10-40f1-890e-1ad6dd59c008
Lindahls ateljé (Fotograffirma),01639635-ca51-41b4-a58f-9815c122faa9
Lindberg & Sjöberg (Fotograffirma),b47f7360-2313-419f-8c74-08d195440bac
Lindbergs Eftr. Adèle (Fotograffirma),afa74526-2dcb-4c9a-941b-077ae23ec4bb
Lindgren & Co (Fotograffirma),553a41f8-a3bf-4471-bba8-fb3bbc3ea1f1
Ludv. Ericsons Eftr (Fotograffirma),57ce050e-7c69-4e24-a76e-e3e5fb9ecfa5
Lundberg & Holmberg (Fotograffirma),3e184c52-4e48-4b3d-b093-365a807fada9
Lundholm & Bruhn (Fotograffirma),1fca4cb8-3fc3-4279-952c-a93a85656ab5
Lundholm & Co (Fotograffirma),4d79050b-5c11-40c9-80da-611c0d682ed7
Lundin & Rådström (Fotograffirma),61500661-4412-4d32-a20f-7203d1e50b20
Lundmarks Eftr. (Fotograffirma),9e576acc-0980-4734-b4cd-31c40a430593
Lunds Nya Foto Atelier (Fotograffirma),06bab2c6-ca7a-4ecd-ad94-8da85c66af96
Lydia Dahlbergs atelier (Fotograffirma),a49b6719-cda5-46f7-82ad-9affc7a98331
M. W. Wallberg & C:o (Fotograffirma),736f4160-0c0b-4e81-b8a2-7dec42d2e693
Maria Jonn (Fotograffirma),66ebaf3a-c4e8-4834-a8b7-bec325f062f2
"Maria Jonns Eftr., Ida Ekelund (Fotograffirma)",2869900d-3e09-41e7-b752-8032a02b38c8
Maria Kihlbaums fotoateljé (Fotograffirma),ca70e6ad-0471-444f-8236-c0986e785683
Mathilda Jansons Eftr. (Fotograffirma),bf2abce9-094d-4728-874a-24a1a690b289
Matilda Engström/Ad. Lidwall (Fotograffirma),c60295a3-38f4-4247-8bab-faad809d5a81
Mina Bolin (Fotograffirma),64818dfd-e711-4b93-a2c5-22a4f757e21c
Mina Clausén & Amalia Blomberg (Fotograffirma),a5b29cd7-a707-44d2-b498-4724a2c0821c
Märta Bomans Eft. (Fotograffirma),87353876-2b49-4245-b0d9-913369cef7fd
N. G. Hagman Atelier (Fotograffirma),5def4e7f-81f6-44cf-8b8e-7869e6e4fe1b
N. G. Hagman Institut (Fotograffirma),04de3c12-02ba-4452-bb69-6daf7e58b014
Nanny Koskinens Atelier (Fotograffirma),c565308e-61c2-44bd-97c7-decf5bcb3aee
Néa-foto (Fotograffirma),597576f0-3d0b-4184-83a3-bdf8bf138ea8
Neander & Andersson (Fotograffirma),d1ec5ff2-1ba3-426c-a18f-a77b8640380f
Numa Petersons handels och fabriksaktiebolag (Fotograffirma),f668fc51-32a0-431a-a06f-9ee7666b2cfe
O. F. Hagman (Fotograffirma),6d0d68d1-5dc2-4e18-a614-397050f827c8
O. Granholm & P. Olsson (Fotograffirma),081b3ea3-b3f4-4a3b-8920-15ec674c4296
P Hansellis fotografiska atelier (Fotograffirma),1103cce9-007d-44cb-8ddf-4b37abb9b36e
P. M. Lindsteds Fotografiska Institut (Fotograffirma),466f84e9-6a5d-48ff-8fd3-951e2c1c2465
Polyfoto (Fotograffirma),948c0762-9b12-46e9-8988-68c3556fb4c4
Pressfotobyrån (Fotograffirma),2335d9a1-12d1-4da0-be87-ff73fadb3b98
R. Sellström (Fotograffirma),6968ff0e-e255-4789-bfc7-5a211d3423e0
Rekolid AB (Fotograffirma),d97eb4eb-9537-4f64-a539-db7d4cff3fea
Rich. Blomdahls Atelier (Fotograffirma),76c4f73f-788e-414f-a05b-9216df95984e
Rickard Blomdahl (Fotograffirma),e92a1cee-94e4-4560-8e53-57d982dcd59d
S. Danielssons Eftr. (Fotograffirma),089cedc3-ab48-4288-9617-34e7806769b0
S. Frankel & Co (Fotograffirma),84b35c2b-c8d6-4e78-a7aa-540ccd25b2e5
Signe Kihls Eftr. (Fotograffirma),07073f37-28ce-4038-8316-27775c39c138
Stein & Wångströms fotografiatelier (f.d. Betty Nilssons) (Fotograffirma),6af2fa6c-879e-4a1d-8688-d6ea406c41e3
Studio Gullers (Fotograffirma),865e82ea-bc30-4752-b93f-f56bcdcc69b8
Svenska Förstoringsaffären (Fotograffirma),23acc2d8-42dd-4b92-bfb2-c2d5fb856e28
Svenskt Fotoreportage (Fotograffirma),16bc7f8d-4b1f-4516-ae63-79135556692e
Sw. Swensson & Son (Fotograffirma),8cfd0851-4abc-4180-870a-5b988a3388e9
Systr. Hedberg (Fotograffirma),94258af9-2b06-4452-b671-1b1ebb38ee2d
Systrarna Kvarnström (Fotograffirma),f9b3208c-cf8c-4210-8452-087b026f3222
Systrarna Kvarnström Eftr. (Fotograffirma),fdc563d2-c567-450a-aa86-566d57028809
Tekla Engström (Fotograffirma),49e5f050-8e17-4628-965e-159dfbd86c3b
Tekla Engströms Eftr. (Fotograffirma),aa3c9957-a829-4019-b71d-9756e89caba4
Tio Fotografer (Fotograffirma),783b7d8a-7f86-4929-a99e-6492b267442f
Tora Grahn & Co (Fotograffirma),7d7bc6c9-f652-4b00-9d97-0d43aafe9a9e
Unna & Höfferts fotografiska atelier,9311770b-6443-42c2-9b35-4487081ad06d
WA Eurenius & PL Qvists fotografiska atelier (Fotograffirma),77fc3931-477e-4a0d-a1f7-2bb093f09bef
Wahlström & Ruhlin (Fotograffirma),93610fcd-d423-4cee-b9f3-be08d7b9a6a9
Wald. Dahllöf & Co (Fotograffirma),bc93a6fa-30df-41cb-88e3-bc3a286d21d9
"Wiborgs Eftr., Elsa Carlson (Fotograffirma)",ed6c1593-6d2d-4a29-ab46-b6960917d04f
Wikström & Tynelius (Fotograffirma),9213c4f2-46b8-4c98-b36f-8c094f9c693a
Wilhem Lundbergs Fotografi-Atelier (Fotograffirma),3bc520d2-def4-4a96-89b6-850afe048dcc
